Quantity On Hand,Item,Preferred Vendor,Quantity On Purchase Order
5,Black Willow Soap Bar,A Wild Soap Bar,0
1,Bluebonnet Soap Bar,A Wild Soap Bar,0
6,Cedarwood Soap Bar,A Wild Soap Bar,0
5,Dandelion Soap Bar,A Wild Soap Bar,0
4,Desert Sage Soap Bar,A Wild Soap Bar,0
0,Horsemint Soap Bar,A Wild Soap Bar,0
1,Mustang Grape Soap Bar,A Wild Soap Bar,0
1,Oak Moss Soap Bar,A Wild Soap Bar,0
1,Passionflower Soap Bar,A Wild Soap Bar,0
3,Prickly Pear Soap AWSB,A Wild Soap Bar,0
0,Sweetgrass Soap Bar,A Wild Soap Bar,0
1,Witch Hazel Soap Bar,A Wild Soap Bar,0
1,Yucca Root Soap Bar,A Wild Soap Bar,0
8,Imprint Patches - Pack of 10,Amazon,0
4,Acetyl-CH Active 90ct,Apex,0
1,Acute Rescue Spray,Apex,0
2,AD-Pro 120ct,Apex,0
1,Adaptocrine XL 120ct,Apex,0
1,ADEK-Pro 90ct,Apex,0
1,Adrenal 1 oz. liquid Apex,Apex,0
0,Adrenal Pep 1 oz liquid,Apex,0
1,Airborne 2 oz Apex,Apex,0
1,Aller-Total (1 oz. liquid),Apex,0
0,AllerDrain (1 oz. liquid),Apex,0
1,ANGR-FLX (1 oz. liquid),Apex,0
1,ANGR-RLS (1 oz. liquid),Apex,0
1,Arthro Muscotox (1 oz. liquid),Apex,0
1,B12-Max (Tangerine) 1 oz. liqui,Apex,0
1,Bacterotox (1 oz. liquid),Apex,0
1,Bile Ducts (1 oz. liquid),Apex,0
2,Bilemin 90ct,Apex,0
2,Bioclock Regulator 1 oz.,Apex,0
1,BioFilm CLR,Apex,0
3,Bladder Serene,Apex,0
1,BLDR-DRN (1 oz. liquid),Apex,0
3,Brain-E DHA 1200-TG 90ct,Apex,0
1,Brain (2 oz liquid),Apex,0
1,Bronchi (1 oz. liquid),Apex,0
1,Bronchotox 1oz liquid,Apex,0
2,Butyric-FBR,Apex,0
1,Calcium Metabolism 1 oz. liquid,Apex,0
1,Cardi-Met (1 oz. liquid),Apex,0
1,Catecostim 90ct,Apex,0
1,Cell Metabolism (1oz liquid),Apex,0
2,Cell Salt Complex (1 oz. liquid,Apex,0
1,Cellular Recharge (1 oz. liquid,Apex,0
1,Cerebral-Met (1 oz liquid),Apex,0
1,Clearvite-CHC 1.21 lbs. powder,Apex,0
2,Clearvite-GL .82lbs Nat Van,Apex,0
1,Clearvite-PCH Chocolate,Apex,0
1,Clearvite-PSF 1 lb. powder,Apex,0
4,CoQ10 SuperMax,Apex,0
1,Deep Antitox (1 oz. liquid),Apex,0
1,Digestion (1 oz. liquid),Apex,0
1,Digestive Drainage (1oz liquid),Apex,0
1,DPRSN Antitox (1oz liquid),Apex,0
1,Drainage Complex (1 oz. liquid,Apex,0
1,DTX-Kidney (1 oz. liquid),Apex,0
1,DTX-Liver (1 oz liquid),Apex,0
1,DTX-Lymph (1 oz. liquid),Apex,0
1,Electro-Met (1oz. liquid),Apex,0
3,Electro-pH Complex,Apex,0
1,Enviro Protect (1 oz. liquid),Apex,0
1,Enzy-Met (1 oz. liquid),Apex,0
6,Enzymixpro 120ct,Apex,0
1,Exchem (1 oz liquid),Apex,0
1,Eye (1 oz.. liquid),Apex,0
1,Female Balance (1 oz. liquid),Apex,0
1,Fibrozolve (1 oz liquid),Apex,0
1,FR-RLS (1 oz. liquid),Apex,0
1,FR-TRST (1 oz. liquid),Apex,0
1,FRGV (1 oz. liquid),Apex,0
1,Gabatone Active 90ct,Apex,0
3,Gastro-Ulc (90 tabs),Apex,0
1,Gentle Drainage (1 oz. liquid),Apex,0
1,GI-Synergy (90 pkts 3 caps ea.),Apex,0
1,GI-Synergy SM (30 Packets),Apex,0
1,Gluco Balance (1 oz liquid),Apex,0
2,GlutenFlam 60ct,Apex,0
2,Glycoberine-MX 90ct,Apex,0
2,Glycoberine Active,Apex,0
1,Glysen-Synergy (60 packets),Apex,0
1,Glysen 180ct,Apex,0
3,H-PLR 90 ct,Apex,0
1,HCL Pro-Zyme 90ct,Apex,0
1,Heavy Antitox 1 oz liquid,Apex,0
3,Hemevite Plus 90ct,Apex,0
1,Hepar-Met (1 oz. liquid),Apex,0
1,Hepato Synergy 60 paks,Apex,0
1,Histo-X 90ct,Apex,0
1,Immuno-CLR (1oz liquid),Apex,0
1,Immunosode (1 oz. liquid),Apex,0
1,INCDNT-RLS 1oz,Apex,0
1,Injurotox (1 oz. liquid),Apex,0
1,Intestinal Mucosa (1 oz. liquid,Apex,0
1,KDN-MAX 1 oz. liquid,Apex,0
1,KDNY-DRN (1 oz. liquid),Apex,0
1,Kidney (1 oz. liquid),Apex,0
1,LF-CHNGS 1oz,Apex,0
1,LIV-MAX (1 oz. liquid),Apex,0
1,Liver 1 oz Apex,Apex,0
2,Lmph-DRN (1 oz. liquid),Apex,0
1,Lmph-Max (1 oz. liquid),Apex,0
1,LNG-DRN (1 oz. liquid),Apex,0
1,LTGO (1 oz. liquid),Apex,0
1,LVJY (1 oz. liquid),Apex,0
1,LVR-DRN (1 oz. liquid),Apex,0
0,Lymphatics (1 oz. liquid),Apex,0
1,Lymphotox (1 oz. liquid),Apex,0
1,Methyl-SP 90ct,Apex,0
1,MND-MMRY,Apex,0
1,Moldetox,Apex,0
1,Mucous Membranes (1 oz. liquid),Apex,0
1,MVON (1 oz. liquid),Apex,0
5,Myco-Zyme 90ct,Apex,0
2,NeuroAmino-SP 90ct,Apex,0
2,Neurocalm - APEX (2 oz liquid),Apex,0
2,Neutrocan (1 oz liquid),Apex,0
1,Neutrovir (1 oz. liquid),Apex,0
1,Opticrine 72ct,Apex,0
1,Ovagen (1 oz. liquid),Apex,0
2,Oxi-Met (1 oz. liquid),Apex,0
1,Pancreas (1 oz. liquid),Apex,0
1,Paraklenz (1 oz. liquid),Apex,0
4,Parastonil 90ct,Apex,0
1,Parasymp-Met (1oz liquid),Apex,0
1,Petrochem (1 oz. liquid),Apex,0
1,Pineal-Met (1 oz. liquid),Apex,0
1,Pituitary 1oz Apex,Apex,0
1,PNU-PRO (1 oz. liquid),Apex,0
2,Progestaid 90ct,Apex,0
1,Proglyco-SP 90ct,Apex,0
2,Prosta-DHT 90ct,Apex,0
1,Protogen (1 oz. liquid),Apex,0
1,Protomer (1 oz. liquid),Apex,0
1,PRSVR (1 oz. liquid),Apex,0
1,Rad Tox (1 oz. liquid),Apex,0
2,Red Yeast Rice Q-Caps 90ct,Apex,0
3,Repairvite-Carmel .34 lb powder,Apex,0
4,Repairvite-GT Plus,Apex,0
4,Repairvite-SE 3.18 oz. powder,Apex,0
1,Resvero Active liquid,Apex,0
1,Revitalization 1 oz,Apex,0
1,RLXTN 1oz,Apex,0
2,Serotone Active 90ct,Apex,0
2,Sibiotica 60ct,Apex,0
1,Sinus Relief (1 oz. liquid),Apex,0
1,Skn-Drn (1 oz liquid),Apex,0
1,SNS-Drain (1 oz liquid),Apex,0
1,Spleen (1 oz liquid),Apex,0
6,Strengtia 60ct,Apex,0
1,Stress Resistance (1 oz liquid),Apex,0
1,STRNG-MND,Apex,0
1,Strong Ligaments/Joints (1 oz.),Apex,0
3,Super Methyl-SP 90ct,Apex,0
0,Super Oxicell 1.6 oz,Apex,0
1,Test-Met (1 oz. liquid),Apex,0
1,Testogen (1 oz. liquid),Apex,0
3,Thyraxis-PT 90ct,Apex,0
1,Thyro-CNV 90ct,Apex,0
1,Thyro-FLM,Apex,0
3,Thyro-Zyme 90ct,Apex,0
1,Thyroid 1 oz. liquid - Apex,Apex,0
1,Thyroxal 90 c,Apex,0
1,Toxo-Pro (1 oz. liquid spray),Apex,0
2,Tributyrin-350 Active,Apex,0
1,Trizomal Glutathione (8 oz.),Apex,0
4,Trizomal Glutathione 30 packet,Apex,0
2,Turmero-SE Active 90ct,Apex,0
1,Turmero Active (8 fl oz.),Apex,0
1,Ultra Antitox i oz liquid,Apex,0
1,VTLTY (1 oz. liquid),Apex,0
2,X-Viromin 90ct,Apex,0
2,Yeastonil,Apex,0
2,Adrenal Support Plus 60ct,Biogenesis,0
4,AdrenoActive 60ct,Biogenesis,0
1,ArthroGenx 150ct,Biogenesis,0
3,BioAdreno 90ct,Biogenesis,0
2,BioThyro 60ct,Biogenesis,0
8,Eskaloft 60ct,Biogenesis,0
8,Esophasoothe Cherry Vanilla Che,Biogenesis,0
3,Focus Fizz Grape 150g,Biogenesis,0
2,Liposomal Melatonin Drop 2 oz,Biogenesis,0
4,Methyl Factors 2 oz. drops,Biogenesis,0
5,Panzyme 180ct,Biogenesis,0
3,ParaBiotic Plus 90ct,Biogenesis,0
2,Sleep Factors 60ct,Biogenesis,0
5,UT Max Protect 60c,Biogenesis,0
2,5-HTP 150ct Biotics,Biotics,0
1,Acti-Mag 90ct,Biotics,0
4,ADB5 Plus 180ct,Biotics,0
1,ADHS 240ct,Biotics,0
1,Alpha-Theta Ultra PM 60ct,Biotics,0
1,Argizyme 100ct Biotics,Biotics,0
1,b-VITAL 60ct Biotics,Biotics,0
1,B6 Phosphate 100ct Biotics,Biotics,0
3,Berberine HCI 90ct Biotics,Biotics,0
1,Beta Plus 180ct Biotics,Biotics,0
1,Beta TCP 90ct. Biotics,Biotics,0
0,Betaine Plus HP 90ct Biotics,Biotics,0
2,Bio-Allay 120ct,Biotics,0
2,Bio-Ashwagandha 60ct Biotics,Biotics,0
1,Bio-B Complex 90ct Biotics,Biotics,0
3,Bio-Cardiozyme Forte 120ct,Biotics,0
2,Bio-CMP 250ct Biotics,Biotics,0
3,Bio-Glycozyme Forte 90ct,Biotics,0
2,Bio-HPF 180ct,Biotics,0
3,Bio-Immunozyme Forte 180ct,Biotics,0
0,Bio-Immunozyme Forte 90ct,Biotics,0
3,BioDoph-7 Plus 60ct Biotics,Biotics,0
3,BioDoph-Fem 30ct,Biotics,0
0,BioFiber Complete 15.9 oz,Biotics,0
2,Biomega-1000 90ct Biotics,Biotics,0
2,BioProtect Plus 90 ct Biotics,Biotics,0
1,Blackcurrant Seed Oil 60ct,Biotics,0
1,Ca/Mg-Plus 60ct Biotics,Biotics,0
2,Cardio-Lipid 270ct,Biotics,0
1,Colon Plus 120ct Biotics,Biotics,0
1,CoQ-Zyme 100 Plus 60ct,Biotics,0
1,CR-Zyme 100 tabs Biotics,Biotics,0
0,Cu-Zyme 100ct,Biotics,0
1,Cytozyme-AD 180ct,Biotics,0
1,Cytozyme-KD 60ct,Biotics,0
1,Cytozyme-O 60ct,Biotics,0
0,Cytozyme-PAN 90ct,Biotics,0
1,Cytozyme-PT/HPT 60ct Biotics,Biotics,0
1,Cytozyme-THY 180ct Large,Biotics,0
1,Cytozyme-THY 60ct Biotics,Biotics,0
1,DopaTropic Powder,Biotics,0
3,Electrolyte Forte Biotics,Biotics,0
3,Evening Primrose Oil 100ct,Biotics,0
2,FC-Cidal 120ct Biotics,Biotics,0
2,FE-Zyme 100ct Biotics,Biotics,0
3,GastraZyme 90 tabs,Biotics,0
0,Ginkgo Biloba 60ct Biotics,Biotics,0
3,GTA-Forte 90ct Biotics,Biotics,0
6,GTA-Forte II 90ct Biotics,Biotics,0
8,GTA 90ct Biotics,Biotics,0
2,HCL-Plus 90ct Biotics,Biotics,0
1,Histo-Plex-AB 90ct Biotics,Biotics,0
2,Hormone Balance&Protect 120ct,Biotics,0
2,Hydro-Zyme 250ct. Biotics,Biotics,0
1,IAG 100g Biotics,Biotics,0
2,Iodizyme-HP 120ct Biotics,Biotics,0
0,IPS 90ct Biotics,Biotics,0
2,KappArest 180ct Biotics,Biotics,0
1,L-Arginine 100ct Biotics,Biotics,0
1,L-Lysine HCl 100ct Biotics,Biotics,0
1,L-Tyrosine 100ct Biotics,Biotics,0
0,Li-Zyme Forte 100ct Biotics,Biotics,0
1,Liquid Iodine Forte 2oz Biotic,Biotics,0
3,Melatonin-B6/Mg - 60ct Biotics,Biotics,0
1,MG-Orotate 500 90ct Biotics,Biotics,0
2,MG-Zyme 100ct Biotics,Biotics,0
1,MO-Zyme Forte 100ct Biotics,Biotics,0
5,Myo+DChiro Inositol 8oz,Biotics,0
1,Neutrophil Plus 90ct,Biotics,0
0,Nuclezyme-Forte 90ct,Biotics,0
2,Optimal Collagen 14oz,Biotics,0
1,Potassium-HP 10oz Biotics,Biotics,0
1,Pregnenolone 25 90ct Biotics,Biotics,0
2,Receptor Detox 120ct Biotics,Biotics,0
3,Red Yeast Rice Biotics 90ct,Biotics,0
2,Renal Plus 180ct,Biotics,0
1,ResveraSirt-HP 30ct,Biotics,0
1,Saccharomyces Boulardii 60ct,Biotics,0
1,SAMethylate Plus 12ct - Biotics,Biotics,0
2,Super Phosphozyme Liquid 2oz,Biotics,0
1,Super Phosphzyme 90ct,Biotics,0
1,Taurine 100ct - Biotics,Biotics,0
2,Thyrostim 270ct Biotics,Biotics,0
1,Thyrostim 90ct Biotics,Biotics,0
1,UltraVir-X 90c Biotics,Biotics,0
2,UT Complex 90ct,Biotics,0
2,V.H.P. 90ct Biotics,Biotics,0
1,Zn-Zyme Forte100ct Biotics,Biotics,0
3,Aconitum Napellus 30c,Boiron,0
1,Aesculus hippocastanum 6c,Boiron,0
5,Aethusa Cynapium 200ck,Boiron,0
4,Agaricus Muscarius 12c,Boiron,0
2,Ailanthus Glandulosus 9c,Boiron,0
2,AllergyCalm Tablets,Boiron,0
3,Allium Cepa 12c,Boiron,0
1,Ambrosia 30 c,Boiron,0
2,Antimonium crudum 12c,Boiron,0
1,Apis Mellifica 200CK 80plts,Boiron,0
6,Apis mellifica 30c,Boiron,0
0,Argentum Nitricum 30c,Boiron,0
3,Arnica Montana 12c,Boiron,0
4,Arnica montana 30c,Boiron,0
2,Arnicare Leg Cramps,Boiron,0
0,Arnicare Leg Cramps PM,Boiron,0
2,Arsenicum album 12c,Boiron,0
11,Arsenicum album 30c,Boiron,0
1,Asa foetida 30c,Boiron,0
0,Aurum Metallicum 12c,Boiron,0
3,Belladonna 12c,Boiron,0
0,Belladonna 30c,Boiron,0
0,Borax 30C,Boiron,0
3,Borax 6c,Boiron,0
0,Briar Rose 2oz Boiron,Boiron,0
3,Bryonia 30c,Boiron,0
2,Calcarea Carbonica 30c,Boiron,0
4,Calcarea fluorica 12c,Boiron,0
1,Calcarea fluroica 30c,Boiron,0
3,Candida Albicans 12c,Boiron,0
6,Cantharis 12c,Boiron,0
2,Capsicum Annum 9c,Boiron,0
2,Carbo Vegetabilis 12c,Boiron,0
0,Causticum 12c,Boiron,0
0,Causticum 200ck 80plts,Boiron,0
3,Causticum 30c,Boiron,0
2,Chamomilla 12c,Boiron,0
1,Chestal Adult Cough Honey 6.7oz,Boiron,0
1,Chestal Adult Cough&Cold 6.7oz,Boiron,0
1,Chestal Children Cough Honey,Boiron,0
1,Chestal Cold & Cough Pellets,Boiron,0
2,Cina 12c,Boiron,0
2,Cinchona 12c,Boiron,0
0,Cocculus Indicus 30c,Boiron,0
2,Coccus cacti 30c,Boiron,0
8,Coffea Cruda 30c,Boiron,0
2,Colocynthis 30C,Boiron,0
1,Conium Maculatum 6c,Boiron,0
2,Cortisone aceticum 12c,Boiron,0
1,Croton tiglium 9c,Boiron,0
3,Cuprum 6c,Boiron,0
0,Cuprum Metallicum 30c,Boiron,0
0,Drosera 12c,Boiron,0
0,Dulcamara 12c,Boiron,0
4,Equisetum Hyemale 5c,Boiron,0
4,Euphrasia officinalis 12c,Boiron,0
0,Euphrasia Officinalis 30c,Boiron,0
1,Ferrum phosphoricum 30c,Boiron,0
2,Folliculinum 30c,Boiron,0
4,Galphimia 12c,Boiron,0
7,Gelsemium Sempervirens 30c,Boiron,0
1,Graphites 12c,Boiron,0
3,Harpagophytum 6c,Boiron,0
3,Hepar Sulph Calc 12c,Boiron,0
0,Hepar Sulph Calc 30c,Boiron,0
4,Histaminum hydrochloricum 30c,Boiron,0
0,Hydrastis Canadensis 30c,Boiron,0
3,Hydrastis canadensis 6c,Boiron,0
0,Hypericum Perforatum 12c,Boiron,0
5,Hypericum Perforatum 30C,Boiron,0
8,Ignatia amara 30c,Boiron,0
3,Ipeacacuanha 12c,Boiron,0
5,Ipecacuanha 30C 80 plts,Boiron,0
2,Kali bichromicum 12c,Boiron,0
5,Kali Bromatum 12c,Boiron,0
3,Kali Bromatum 9c,Boiron,0
5,Kali Phosphoricum 30C,Boiron,0
0,Kali Sulphuricum 12c,Boiron,0
0,Lac Caninum 30c,Boiron,0
2,Lac Caninum 6c,Boiron,0
2,Lachesis mutus 30c,Boiron,0
1,Ledum palustre 12c,Boiron,0
1,Ledum Palustre 30c 80plts,Boiron,0
3,Lithy Tree 2oz Boiron,Boiron,0
10,Lycopodium Clavatum 30c,Boiron,0
2,Magnesia Phos 12c,Boiron,0
3,Magnesia Phosphorica 30c,Boiron,0
1,Medorrhinum 30c,Boiron,0
4,Mercurius Corrosivus 12c,Boiron,0
4,Mercurius solubilis 12c,Boiron,0
4,Mercurius solubilis 30c,Boiron,0
3,Mercurius Sulph Ruber 9c,Boiron,0
1,Natrum Muriaticum 12c,Boiron,0
1,Nitricum acidum 12c,Boiron,0
5,Nux Vomica 30c,Boiron,0
1,Oscillococcinum 30 dose,Boiron,0
0,Oscillococcinum Three Pack,Boiron,0
2,Petroleum 30C 80 plts,Boiron,0
2,Phosphoricum Acidum 30c,Boiron,0
4,Phosphorous 12c,Boiron,0
6,Phosphorus 30c,Boiron,0
2,Podophyllum peltatum 30c,Boiron,0
0,Psorinum 30c,Boiron,0
3,Pulsatilla 12c,Boiron,0
2,Pulsatilla 30c,Boiron,0
2,Pyrogenium 9c,Boiron,0
1,Rhus Toxicodendron 30c,Boiron,0
2,Ricinus communis 6c,Boiron,0
2,Rumex crispus 30c,Boiron,0
2,Ruta Graveolens 12c,Boiron,0
2,Sabina 12c,Boiron,0
5,Sabina 30c,Boiron,0
2,Sempervivum tectorum 6c,Boiron,0
0,Sepia 12c,Boiron,0
1,Silicea 12c,Boiron,0
1,Silicea 30c,Boiron,0
2,SleepCalm Tablets,Boiron,0
2,Staphysagria 12c,Boiron,0
2,Sulphur 12c,Boiron,0
3,Sulphur 30c,Boiron,0
3,Symphytum Officinale 12c,Boiron,0
0,Symphytum Officinale 30c,Boiron,0
3,ThroatCalm Spray,Boiron,0
3,ThroatCalm Tablets,Boiron,0
1,Thuja occidentalis 12c,Boiron,0
3,Thuja Occidentalis 30c,Boiron,0
2,Tuberculinum 30c,Boiron,0
1,vaccinitoxinum 15c,Boiron,0
1,Veratrum Album 12c,Boiron,0
1,WartCalm Tablets,Boiron,0
0,X-Ray 12c,Boiron,0
0,YeastCalm,Boiron,1
1,Acetylcholine Chloride 1oz Des,Desert Biologicals,0
1,Adrena Comp 1 oz Des Bio,Desert Biologicals,0
0,Adrenal Support - Des Bio 1oz,Desert Biologicals,0
1,Allergy Rescue 1oz Des Bio,Desert Biologicals,0
1,AMOE Combo (Amoeba) 1oz D...,Desert Biologicals,0
0,AnXious 1 oz DesBio,Desert Biologicals,0
1,Appetite Control 1 oz Des Bio,Desert Biologicals,0
1,Bact Combo(Bacteria Plus)Des...,Desert Biologicals,0
1,Bart Plus(Bartonella Plus)DesBi,Desert Biologicals,0
1,Bio Mood Phase 1 oz Des Bio,Desert Biologicals,0
0,Bladder/Kidney Meridian Opener,Desert Biologicals,0
1,BORR Plus/Lyme 1 oz Des Bio,Desert Biologicals,0
1,BP Reg 1 oz Des Bio,Desert Biologicals,0
1,Breathe 1 oz Des Bio,Desert Biologicals,0
1,Bronchial Cough 1 oz Des Bio,Desert Biologicals,0
1,Bug Bouncer 1 oz Des Bio,Desert Biologicals,0
1,Celeragesic Gel 2oz Des Bio,Desert Biologicals,0
2,Celeragesic Liquid 1oz Des Bio,Desert Biologicals,0
1,Cerebro Max 1 oz Des Bio,Desert Biologicals,0
0,Circulation 1 oz Des Bio,Desert Biologicals,0
0,Control 1oz DesBio,Desert Biologicals,0
2,Cortisol 1 oz Des Bio,Desert Biologicals,0
2,Cough 1oz DesBio,Desert Biologicals,0
1,Dizzy/Vertigone 1 oz Des Bio,Desert Biologicals,0
1,Dopamine 1 oz - Des Bio,Desert Biologicals,0
2,Dynamic Brain 1 oz Des Bio,Desert Biologicals,0
1,Egg Allergen Mix 1oz DesBio,Desert Biologicals,0
2,Elevate 1 oz Des Bio,Desert Biologicals,0
1,Energize Drops 1 oz Des Bio,Desert Biologicals,0
1,ENT Support 1 oz Des Bio,Desert Biologicals,0
1,EPST Plus(EBV/CFSPlus)1ozD...,Desert Biologicals,0
1,Esteem 1 oz Des Bio,Desert Biologicals,0
1,Estrogen 1 oz Des Bio,Desert Biologicals,0
0,Female Stimulant 1 oz Des Bio,Desert Biologicals,0
2,Female Support 1 oz Des Bio,Desert Biologicals,0
1,FNG 1 oz Des Bio,Desert Biologicals,0
1,Focus 1 oz Des Bio,Desert Biologicals,0
2,Gallbladder/Liver Meridian Open,Desert Biologicals,0
1,GI Drainage 2oz,Desert Biologicals,0
2,GlucoReg 1 oz Des Bio,Desert Biologicals,0
1,GlyReg 1oz,Desert Biologicals,0
1,Grief 1 oz Des Bio,Desert Biologicals,0
1,Gum Therapy 1 oz Des Bio,Desert Biologicals,0
1,Gyno Complex 1 oz Des Bio,Desert Biologicals,0
0,Heart / Fatigue 1 oz Des Bio,Desert Biologicals,0
2,Heart/Small Intestine Meridian,Desert Biologicals,0
1,HERS HOMO/HerpSimplHomo ...,Desert Biologicals,0
1,HERS PLUS/HerpSimplPlus De...,Desert Biologicals,0
1,HERZ PLUS/Herpers Zoster De...,Desert Biologicals,0
1,High Vitality/HGH Vitality 1 oz,Desert Biologicals,0
1,Histamine 1 oz Des Bio,Desert Biologicals,0
2,Hormone Combination 1 oz Des...,Desert Biologicals,0
1,HPAxis 1 oz Des Bio,Desert Biologicals,0
1,HPYL Plus(H Pyolori Plus)1 oz,Desert Biologicals,0
3,Hydrangea Complex 1 oz Des Bio,Desert Biologicals,0
1,Ileocecal Valve Support 1 oz,Desert Biologicals,0
1,Immunogesic/Rheumagesic 1oz,Desert Biologicals,0
1,Inflammation II 1 oz Des Bio,Desert Biologicals,0
2,Itch Formula 1 oz Des Bio,Desert Biologicals,0
2,Leaky Gut Formula 1 oz Des Bio,Desert Biologicals,0
1,Liposomal Calm 15.21oz,Desert Biologicals,0
1,Liposomal Pregnenolone 2oz,Desert Biologicals,0
2,Liver Drainage 2oz Des Bio,Desert Biologicals,0
1,Lung Drainage 1 oz Des Bio,Desert Biologicals,0
1,Lung/Large Intestine Meridian,Desert Biologicals,0
1,LymCombo/Co-Infxn 1 oz Des Bio,Desert Biologicals,0
1,Lymph Drainage 2oz Des Bio,Desert Biologicals,0
2,Lymph/Spleen Combo 1 oz Des...,Desert Biologicals,0
2,Male Stimulant 1 oz Des Bio,Desert Biologicals,0
1,Menopause Relief 1 oz Des Bio,Desert Biologicals,0
1,Mood Swings DesBio,Desert Biologicals,0
1,Motivation 1oz Des Bio,Desert Biologicals,0
4,Mucinease 60ct,Desert Biologicals,0
1,Mullein Complex 1 oz Des Bio,Desert Biologicals,0
1,Multiple Miasm 1 oz Des Bio,Desert Biologicals,0
1,Nausia 1 oz des Bio,Desert Biologicals,0
0,NephroVesic 1 oz Des Bio,Desert Biologicals,0
1,Nerve Z DesBio,Desert Biologicals,0
1,Neuro 1 1 oz Des Bio,Desert Biologicals,0
2,Neuro II 1 oz Des Bio,Desert Biologicals,0
1,OMNIFiber,Desert Biologicals,0
1,Oral Health 1 oz Des Bio,Desert Biologicals,0
1,PAPI HOMO/HPV Homochord ...,Desert Biologicals,0
1,PARA HERB 2oz,Desert Biologicals,0
4,PathoGuard 90ct,Desert Biologicals,0
2,Perfect Sleep Drops 1 oz.,Desert Biologicals,0
1,Perfect Sleep Tablets 90 ct,Desert Biologicals,0
1,Pest and Dustmite Formula,Desert Biologicals,0
2,pH Stabilizer 1 oz Des Bio,Desert Biologicals,0
1,PMS Relief 1 oz,Desert Biologicals,0
1,Professional Weight Support 1oz,Desert Biologicals,0
1,Progenite 1 oz Des Bio,Desert Biologicals,0
1,Progesterone 1 oz Des Bio,Desert Biologicals,0
2,Prostate 1 oz Des Bio,Desert Biologicals,0
1,PTS/Stress Remedy 1 oz Des Bio,Desert Biologicals,0
1,Quercetin 1oz DesBio,Desert Biologicals,0
1,Rage 1 oz Des Bio,Desert Biologicals,0
1,Resp Plus/Asthma 1 oz DesB,Desert Biologicals,0
1,Rock/Homo Des Bio,Desert Biologicals,0
1,Shame 1oz DesBio,Desert Biologicals,0
1,SINU HC/SinusitX 1 oz Des Bio,Desert Biologicals,0
1,Skin Infections 1 oz Des Bio,Desert Biologicals,0
0,Spectric 1 oz Des Bio,Desert Biologicals,0
1,SpinalMax 1 oz Des Bio,Desert Biologicals,0
1,STAP Combo 1 oz,Desert Biologicals,0
1,STRE PLUS,Desert Biologicals,0
1,Stress EZ,Desert Biologicals,0
1,Sulphur Remedy 1oz DesBio,Desert Biologicals,0
1,Systemic Detox 1 oz Des Bio,Desert Biologicals,0
1,Systemic Drainage 2oz Des Bio,Desert Biologicals,0
1,Teasel Des Bio,Desert Biologicals,0
1,Testosterone 1 oz Des Bio,Desert Biologicals,0
1,Thyroplus 1 oz Des Bio,Desert Biologicals,0
3,ToxAffix 60ct,Desert Biologicals,0
1,Trauma Remedy 1 oz Des Bio,Desert Biologicals,0
1,Tryptophan 1 oz Des Bio,Desert Biologicals,0
1,Upper Respiratory Support 1 oz,Desert Biologicals,0
1,Vascuflow 1 oz Des Bio,Desert Biologicals,0
2,VAXR HC/Vax Reaction 1 oz,Desert Biologicals,0
1,VER 2 oz Des Bio,Desert Biologicals,0
0,VIR Combo/VirusComb 1 oz De...,Desert Biologicals,0
1,Viril 1 oz Des Bio,Desert Biologicals,0
4,Adrenal Complex - 240ct,Designs For Health,0
1,Adrenotone 180ct DFH,Designs For Health,0
0,Amino Acid Synergy 120 ct,Designs For Health,0
3,Anaerostipes Probiotic 30ct,Designs For Health,0
1,Annatto-E 150 60ct,Designs For Health,0
1,Annatto-E GG 60c,Designs For Health,0
2,Arterosil HP 60ct,Designs For Health,0
1,Arthroben Unflavored 330g,Designs For Health,0
0,Arthrosoothe Supreme 120ct,Designs For Health,0
6,B-Supreme 120ct,Designs For Health,0
1,BCAA Powder w/ L-Glutathione,Designs For Health,0
2,Berberine Synergy 60ct,Designs For Health,0
1,Betaine HCl 120ct DFH,Designs For Health,0
3,Bone Broth Protein Chocolate,Designs For Health,0
3,Bone Broth Protein Vanilla,Designs For Health,0
0,C+Bio Fizz,Designs For Health,0
3,Cal/Mag 1/1 180ct DFH,Designs For Health,0
3,Cal/Mag 2/1 180ct DFH,Designs For Health,0
0,Carb-Lipo Control 60ct,Designs For Health,0
1,CellGuard-NR 60ct,Designs For Health,0
1,Charcoal Plus Binder 60ct,Designs For Health,0
3,Chromium Synergy 90ct,Designs For Health,0
18,Cocommune Bar,Designs For Health,0
2,Cogni-Aid DFH 60ct,Designs For Health,0
1,ColonRX 60ct,Designs For Health,0
0,Complete Commensal Probiotic...,Designs For Health,0
2,Complete Mineral Complex 90ct,Designs For Health,0
2,CoQnol 100 (60ct),Designs For Health,0
3,Creatine Monohydrate 900g,Designs For Health,0
1,D-Evail 10K 60ct,Designs For Health,0
2,D-Ribose Powder DFH,Designs For Health,0
0,DHEA 25 mg 60ct - DFH,Designs For Health,0
5,Digestzymes 180ct,Designs For Health,0
0,DIM-Evail 60ct,Designs For Health,0
3,DopaBoost 60ct,Designs For Health,0
6,Electrolyte Synergy 240 g,Designs For Health,0
2,ElectroPure Hydration 14pks,Designs For Health,0
1,ElectroPure Watermelon,Designs For Health,0
2,Ferrochel Iron Chelate 120ct,Designs For Health,0
8,FX Dream Chocolates 30ct,Designs For Health,0
1,FX Exhale Chocolates 30ct,Designs For Health,0
1,GastroMend-HP 120ct,Designs For Health,0
3,GI Microb-X 60ct,Designs For Health,0
2,GI Revive 210ct,Designs For Health,0
0,GI Revive Powder 225 g,Designs For Health,0
1,Glucosamine Chondroitin 120ct,Designs For Health,0
0,Glycine Powder DFH,Designs For Health,0
2,GPC 2oz liquid,Designs For Health,0
1,Grass Fed Beef Protein - Van,Designs For Health,0
2,Hepatatone Plus 120ct,Designs For Health,0
4,HistaEze 120ct,Designs For Health,0
1,HistaGest-DAO 60ct,Designs For Health,0
7,Homocysteine Supreme 120ct,Designs For Health,0
1,HSN Radiance,Designs For Health,0
1,Hydration Complex DFS,Designs For Health,0
4,Hydration Packs,Designs For Health,0
1,Immune Support 30 Packets,Designs For Health,0
0,Inflammatone 120ct,Designs For Health,0
4,Insomnitol 60ct,Designs For Health,0
4,Insomnitol Chews 60ct,Designs For Health,0
3,K+2 Potassium 300mg 120ct,Designs For Health,0
2,Kidney Korrect 60ct,Designs For Health,0
1,L-5-MTHF 5mg 60ct,Designs For Health,0
1,L-Lysine 1500mg DFH 120c,Designs For Health,0
1,L-Tyrosine 120ct DFH,Designs For Health,0
1,Liposomal B Supreme,Designs For Health,0
0,Liposomal Cat's Claw Synergy 50,Designs For Health,0
1,Liposomal NMN Synergy 1.7fl.oz.,Designs For Health,0
1,Liposomal Vitamin C- DFH,Designs For Health,0
4,Lipotrienols RYR 60ct,Designs For Health,0
2,LV-GB Complex-DFH 90ct,Designs For Health,0
4,Magnesium Glycinate 240ct DFH,Designs For Health,0
1,Magnesium Malate 240ct DFH,Designs For Health,0
1,Magnesium Malate DFH 120ct,Designs For Health,0
0,Melatonin 60ct - DFH,Designs For Health,0
1,Melatonin SRT 60ct DFH,Designs For Health,0
0,Metal X Synergy 90ct,Designs For Health,0
8,Mitochondrial NRG 120ct,Designs For Health,0
2,MycoSupreme 60ct,Designs For Health,0
1,MyoSedate 120ct,Designs For Health,0
2,NAC DFH120ct,Designs For Health,0
1,Natto-Serrazime 120ct,Designs For Health,0
4,Neurocalm DFH - 60ct,Designs For Health,0
2,Neurolink 180ct,Designs For Health,0
1,NeuroMag 90ct,Designs For Health,0
1,NeuroRenew 120ct,Designs For Health,0
2,NOx Synergy,Designs For Health,0
1,OcuForce Blue 60ct,Designs For Health,0
1,Olive Leaf Extrct 500 mg 90ct,Designs For Health,0
2,Omegavail Hi-Po 120ct,Designs For Health,0
1,OmegAvail Synergy 180ct,Designs For Health,0
3,"OmegAvail TG1000, 60ct",Designs For Health,0
5,OmegAvail Ultra 240ct,Designs For Health,0
1,P-5-P 50 mg 120ct,Designs For Health,0
3,PaleoMeal Chocolate,Designs For Health,0
3,PaleoMeal Vanilla,Designs For Health,0
5,Pancreatic Enzyme Complex 90ct,Designs For Health,0
0,Periommune 60 lozenges,Designs For Health,0
1,PharmaGaba Chews,Designs For Health,0
1,Pregnenolone CRT 60,Designs For Health,0
0,PrimalMulti 120ct,Designs For Health,0
5,ProbioMed Kids 30tabs,Designs For Health,0
4,ProbioMed Women 30ct,Designs For Health,0
0,Probiophage DF 120 ct,Designs For Health,0
1,Probiophage DF 60ct,Designs For Health,0
1,ProbioSpore 60ct,Designs For Health,0
2,Q-Evail 100 60 softgels,Designs For Health,0
1,Quercetin & Nettles 90ct,Designs For Health,0
5,Red Yeast Rice DFH 180ct,Designs For Health,0
1,SAMe DFH 90ct,Designs For Health,0
0,Silver Toothpaste- MINT,Designs For Health,0
0,Silvercillin 16oz liquid DFH,Designs For Health,0
1,SPM Supreme 60 sftgels,Designs For Health,0
3,Stellar C 90ct,Designs For Health,0
2,StressArrest 90 cap,Designs For Health,0
2,Taurine + Glycine Pwdr DFH,Designs For Health,0
1,Thermo-EFx 60ct,Designs For Health,0
3,Thyroid Synergy 120ct,Designs For Health,0
1,Tri-K 60ct,Designs For Health,0
4,Tricobalamin 60 loz,Designs For Health,0
4,Trifolamin 60 lozenges,Designs For Health,0
2,TriGandha 30ct,Designs For Health,0
0,TriMag Supreme Night Powder,Designs For Health,0
4,UT Intensive 30 Chews,Designs For Health,0
2,Vascanox HP 60ct,Designs For Health,0
2,Vessel Forte 120ct,Designs For Health,0
2,Vitamin C powder 240g DFH,Designs For Health,0
4,Whole Beauty Collagen 180g,Designs For Health,0
4,Whole Body Collagen 390g.,Designs For Health,0
1,Whole Body Trio 30 paks,Designs For Health,0
6,Zinc Supreme 90ct,Designs For Health,0
0,DT- ASI,Diagnos-Techs,0
0,DT- BHP,Diagnos-Techs,0
0,DT- eFHP,Diagnos-Techs,0
0,DT- eMHP,Diagnos-Techs,0
0,DT- ePeriM,Diagnos-Techs,0
0,DT- ePostM,Diagnos-Techs,0
0,DT- FHP,Diagnos-Techs,0
0,DT- FI,Diagnos-Techs,0
0,DT- FP,Diagnos-Techs,0
0,DT- GI-2xC,Diagnos-Techs,0
0,DT- MHP,Diagnos-Techs,0
0,DT- PeriM,Diagnos-Techs,0
0,DT- PostM,Diagnos-Techs,0
0,DT- TFP/TMP,Diagnos-Techs,0
0,DT-Fl-4,Diagnos-Techs,0
0,DT-TAP,Diagnos-Techs,0
1,Dr. Garbers Anxiety Relief 2oz,Dr. Garber's,0
0,Dr. Garbers Constipation w/ BWL,Dr. Garber's,0
0,Dr. Garbers Thyro Support,Dr. Garber's,0
2,IntraMax 2.0-,Drucker,0
2,IntraMax 2.0 - Sugar Free,Drucker,0
4,IntraMin,Drucker,0
0,Wellness Pro Machine,Electro Medical Technologies,0
5,200 MG Zen 120ct,Emerson Ecologics,0
2,Activated Charcoal 100ct,Emerson Ecologics,0
2,Adrenal-Tone 2 oz.,Emerson Ecologics,0
2,Adrenal Cortex-SFI 120ct,Emerson Ecologics,0
1,Adrenapath 2 oz.,Emerson Ecologics,0
1,Aller-Chord F 2 oz.,Emerson Ecologics,0
1,Allergies Kids Pellets,Emerson Ecologics,0
0,Argentyn 23 Nasal Spray-TRAV...,Emerson Ecologics,0
1,Argentyn 23 Nasal Spray 2 oz.,Emerson Ecologics,0
0,Astaxanthin 12mg,Emerson Ecologics,0
1,AttenTrex Berry 60chew tabs,Emerson Ecologics,0
6,B Complex Plus 100ct,Emerson Ecologics,0
1,Bacteria-Chord 2 oz,Emerson Ecologics,0
2,BHI Allergy,Emerson Ecologics,0
2,BHI Arthritis,Emerson Ecologics,0
1,BHI Constipation,Emerson Ecologics,0
1,BHI Diarrhea,Emerson Ecologics,0
1,BHI Hemorrhoid,Emerson Ecologics,0
1,BHI Migraine,Emerson Ecologics,0
1,BHI Mucus Relief,Emerson Ecologics,0
1,BHI Nausea,Emerson Ecologics,0
1,BHI Sinus,Emerson Ecologics,0
1,BHI Skin,Emerson Ecologics,0
1,BHI Spasm Pain,Emerson Ecologics,0
1,BHI Uri-Control,Emerson Ecologics,0
1,Bi-Carb Formula 250ct,Emerson Ecologics,0
3,Bilex 90tabs,Emerson Ecologics,0
3,Biocidin 1 oz. drops,Emerson Ecologics,0
2,Biocidin 90ct,Emerson Ecologics,0
2,Bitters Extra 90ct,Emerson Ecologics,0
1,Bitters No. 9,Emerson Ecologics,0
1,BPC-157 Rapid 60c InfiniWell,Emerson Ecologics,0
0,Brain Vibrance Supreme Powder,Emerson Ecologics,0
5,Cal/Mag CHEWS 90ct,Emerson Ecologics,0
1,Calm Five 2oz,Emerson Ecologics,0
1,Cat's Claw Elite 1.7oz. QS,Emerson Ecologics,0
2,Chewable Iron Chelate 100ct,Emerson Ecologics,0
1,Chewable Vit D 1000 IU 90ct,Emerson Ecologics,0
2,Clearface Acne Skin Vits 90ct,Emerson Ecologics,0
3,Clinical Glutathione 60 tabs,Emerson Ecologics,0
1,Control 90c InfiniWell,Emerson Ecologics,0
1,Coptis 1 oz.,Emerson Ecologics,0
1,Core Maca Gold 2 oz.,Emerson Ecologics,0
1,Core Olive Leaf 2oz,Emerson Ecologics,0
4,Cortisol Manager 90ct,Emerson Ecologics,0
2,Curalieve 60ct,Emerson Ecologics,0
5,Curaphen Extra Strength 60ct,Emerson Ecologics,0
1,Curcumax Pro 60 c.,Emerson Ecologics,0
1,CV-Tone 2oz,Emerson Ecologics,0
2,D-Ribose Peak ATP 309g,Emerson Ecologics,0
0,DHA Jr-Strawberry 180gelcaps,Emerson Ecologics,0
4,DHEA 25mg 100ct DOUGLAS,Emerson Ecologics,0
2,DHEA 25mg 120dissovableDO...,Emerson Ecologics,0
4,DHEA 25mg 60dissovableDOU...,Emerson Ecologics,0
3,DHEA 50 mg - DOUGLAS,Emerson Ecologics,0
2,DHEA Plus 25 mg 100ct,Emerson Ecologics,0
2,Dihydroberine SR 150mg 60ct,Emerson Ecologics,0
2,DIM Enhanced 60ct,Emerson Ecologics,0
4,Dr. Ohhira's Probiotic 60ct,Emerson Ecologics,1
1,Dr. Shades Ultra Energy,Emerson Ecologics,0
2,Dust Mold Dander 1 fl oz,Emerson Ecologics,0
1,Ear Drops NutriBiotic 1oz,Emerson Ecologics,0
1,Enz-Flame 9.52oz,Emerson Ecologics,0
3,Equazen Pro 45 chews,Emerson Ecologics,0
0,Equazen VitaSpectrum powder,Emerson Ecologics,0
7,Estradiol+ Topical Serum 1floz,Emerson Ecologics,0
2,Facial Beauty Serum 30ML QS,Emerson Ecologics,0
1,FEMMENESSENCEPRO Peri 1...,Emerson Ecologics,0
1,Fields of Flowers 2 oz,Emerson Ecologics,0
2,Flora 20-14 UltraStrength 60ct,Emerson Ecologics,0
2,Foreign Protein Clease 2oz,Emerson Ecologics,0
7,GABA 500 mg 60ct Douglas,Emerson Ecologics,0
3,Gaba 750 mg 60ct,Emerson Ecologics,0
3,Gaba Liposomal1.7 ozQucksilver.,Emerson Ecologics,0
2,GLP-1 Codeage 90ct,Emerson Ecologics,0
1,GLP-1 Probiotic Pro 30ct,Emerson Ecologics,0
1,Guna Allergy 1.0 fluid oz,Emerson Ecologics,0
5,Hair Vitamins 120ct,Emerson Ecologics,0
1,HBP 1oz,Emerson Ecologics,0
1,Histamine Digest 120ct,Emerson Ecologics,0
1,Histamine Digest Puremax 60ct,Emerson Ecologics,0
2,HTN 180 Px - Extra Strength,Emerson Ecologics,0
1,Humic-Monolaurin Complex 120C,Emerson Ecologics,0
1,Humic Acid Membrane Active 60c,Emerson Ecologics,0
2,Hydration Ovals 2X 16 ct,Emerson Ecologics,0
3,Hydration Ovals 2X PLUS,Emerson Ecologics,0
1,Hypothalmapath 2 oz.,Emerson Ecologics,0
1,Kids Optimal Focus 60tabs,Emerson Ecologics,0
1,KLEAN BCAA + Peak ATP,Emerson Ecologics,0
1,L-Theanine 200mg 60ct,Emerson Ecologics,0
2,Lactoprime Plus 60ct,Emerson Ecologics,0
1,Lipase Concentrate-HP 90ct,Emerson Ecologics,0
3,Liposomal Vit C - Quicksilver,Emerson Ecologics,0
2,Liquid Cal Mag 21 Orange 16 oz.,Emerson Ecologics,0
2,Liver Cleanse 60ct Thorne,Emerson Ecologics,0
0,Liver GB+ 60ct,Emerson Ecologics,0
1,Liver Health 2 oz,Emerson Ecologics,0
1,Lymph-Tone I 2 oz.,Emerson Ecologics,0
1,Lymph-Tone II 2 oz.,Emerson Ecologics,0
1,Lymph-Tone III 2 oz.,Emerson Ecologics,0
2,Magnesium Glycinate SFI 100ct,Emerson Ecologics,0
1,Methyl Charge+ 50ml,Emerson Ecologics,0
2,Microb-Manager 60c,Emerson Ecologics,0
1,Microsomal Paratrex I 59.2mL,Emerson Ecologics,0
4,Mimosa Pudica Seed 120ct,Emerson Ecologics,0
1,MSM Powder 227gms,Emerson Ecologics,0
2,Muscle Protect w/ HMB 30 serv,Emerson Ecologics,2
2,MycoCan-Chord 2 oz.,Emerson Ecologics,0
1,NAD+GOLD 50ML,Emerson Ecologics,0
1,Nano-Mojo 1.7 oz.,Emerson Ecologics,0
2,Nano Lean Berry 30 pkts,Emerson Ecologics,0
0,Nanoemulsified DIM 1.7 oz.,Emerson Ecologics,0
0,Nanoformulated DHEA+ 100ml,Emerson Ecologics,0
1,Neuro Pregnenolone Q.S.,Emerson Ecologics,0
2,Optimal Electrolyte PEACH,Emerson Ecologics,0
1,Ovablend 180ct,Emerson Ecologics,0
2,Ox-LDL Px 60c,Emerson Ecologics,1
2,Pancreatin & Ox Bile Extract 60,Emerson Ecologics,0
2,Panplex 2 Phase 180ct,Emerson Ecologics,0
1,Petadolex 50mg 60ct,Emerson Ecologics,0
2,Post Vaccination 1 oz.,Emerson Ecologics,0
1,Pro Acne Cystic Acne 1 oz,Emerson Ecologics,0
1,Pro Appetite Craving Control,Emerson Ecologics,0
1,Pro Card Care 1 oz.,Emerson Ecologics,0
1,Pro Cell Salts 1 oz.,Emerson Ecologics,0
1,Pro Distress Mood Sadness 1 oz,Emerson Ecologics,0
1,Pro Ear Care 1 oz.,Emerson Ecologics,0
1,Pro Eczema Skin Care 1 oz.,Emerson Ecologics,0
1,Pro Edema 1 oz.,Emerson Ecologics,0
2,Pro Endometriosis 1 oz.,Emerson Ecologics,0
1,Pro Exhaustion-Chronic Fatigue,Emerson Ecologics,0
1,Pro G-Inflamm 1 oz,Emerson Ecologics,0
1,Pro Gas - Indigestion 1oz,Emerson Ecologics,0
2,Pro Hayfever 1oz,Emerson Ecologics,0
1,Pro Headache-Migraine 1 oz.,Emerson Ecologics,0
1,Pro Herpes Sores 1oz,Emerson Ecologics,0
1,Pro Hyperactive-Mental Focus,Emerson Ecologics,0
1,Pro Insomnia 1 oz.,Emerson Ecologics,0
1,Pro Intestia 1 oz.,Emerson Ecologics,0
2,Pro Menopause 1 oz.,Emerson Ecologics,0
1,Pro Nervousness Anxiety 1 oz.,Emerson Ecologics,0
1,Pro Neuro Care 1 oz.,Emerson Ecologics,0
1,Pro Pollen Weeds 1 oz.,Emerson Ecologics,0
1,Pro Rashes Hives 1 oz.,Emerson Ecologics,0
1,Pro Tinnitus 1 oz.,Emerson Ecologics,0
1,Pro Varicose Veins 1oz,Emerson Ecologics,0
1,Pro Viral 1 oz.,Emerson Ecologics,0
2,ProDHA 120ct,Emerson Ecologics,0
2,ProDHA Xtra Strawberry 120 gels,Emerson Ecologics,0
1,Progesterone PLUS 2oz,Emerson Ecologics,0
3,Progesterone PURE 2oz,Emerson Ecologics,0
0,ProOmega 2000 120ct,Emerson Ecologics,0
1,ProOmega 2000 Junior 60 gels,Emerson Ecologics,0
3,ProOmega Curcumin 90ct,Emerson Ecologics,0
3,ProOmega Gummy Chews,Emerson Ecologics,0
3,ProOmega Junior 90ct,Emerson Ecologics,0
2,Pure DHEA 50 ml,Emerson Ecologics,0
1,Rauwolfia Extra 90c,Emerson Ecologics,0
1,Red Yeast Rice + CoQ10 120ct,Emerson Ecologics,0
1,Rehydration 2oz,Emerson Ecologics,0
1,Relax-Tone 2oz,Emerson Ecologics,0
1,REVOLUTIONPRO 180ct,Emerson Ecologics,2
1,Rhodiola Extract Plus 60ct,Emerson Ecologics,0
1,Saw Palmetto Phyto-Caps 60ct,Emerson Ecologics,0
4,Sinus-Tone 2oz,Emerson Ecologics,0
2,Somni-Mint Rosmarinic Complex,Emerson Ecologics,0
0,St. Johns Wort 90ct,Emerson Ecologics,0
1,TestoQuench for Women 120ct,Emerson Ecologics,1
2,Testosterone Formula 90ct,Emerson Ecologics,0
1,Th1 Support 120cap,Emerson Ecologics,0
1,Th2 Modulator 120ct,Emerson Ecologics,0
2,Ther-Biotic Complete 120ct,Emerson Ecologics,0
1,Ther-Biotic KidsProbioitc60chew,Emerson Ecologics,0
1,Thyropath 2 oz.,Emerson Ecologics,0
1,Tri-Salts 120g Powder,Emerson Ecologics,0
3,Undecylex 120 tabs,Emerson Ecologics,0
2,Uplift 120ct,Emerson Ecologics,0
1,V Clear EPs 7630 Cherry 4 oz.,Emerson Ecologics,0
2,V Clear EPs 7630 Original 1 oz.,Emerson Ecologics,0
0,Vein Health 2floz,Emerson Ecologics,0
1,Viru-Chord 2oz,Emerson Ecologics,0
2,Vital-10 - 100ct,Emerson Ecologics,0
2,Vital-Zymes 180 Chew,Emerson Ecologics,0
5,Vital-Zymes Complete 120ct,Emerson Ecologics,0
1,Vitex 60 c,Emerson Ecologics,0
1,Water Away 60ct,Emerson Ecologics,0
1,Wild Cherry Bark Syrup KIDS 4oz,Emerson Ecologics,0
1,Wild Weed Salve 1oz,Emerson Ecologics,0
2,Wild Weed Salve 2oz,Emerson Ecologics,0
0,Yeast Arrest 14 suppositories,Emerson Ecologics,1
0,Zinc Lozenges 15mg 90 Loz,Emerson Ecologics,1
1,Castor Oil Hair Wrap w/Brush,Faire,0
1,Luminous Mask 4oz,Faire,0
1,Luminous Oil 1oz,Faire,0
1,Organic Castor Oil Pack- KID,Faire,0
1,Home Sweet Home Candle 7.4oz,Fontana Candle Co.,0
2,Akkermansia 500 Pro,Fullscript,0
1,Akkermansia100 Pro 30ct,Fullscript,0
1,Aller-Chord A 2oz,Fullscript,0
1,Allergy Relief Texas Trees,Fullscript,0
0,Astragalus 120ML - Wise Woman,Fullscript,0
0,BCQ 60ct,Fullscript,0
5,Berkeley Life Nitric Oxide,Fullscript,3
1,BodyBio PC 60ct,Fullscript,0
1,Calendula Cream 40g,Fullscript,0
1,Cayenne 4oz,Fullscript,0
1,Choline SR 300mg,Fullscript,0
1,CoQ10 200mg Choco Chews,Fullscript,0
4,Curaphen Extra Strength 120ct,Fullscript,0
1,Dr. Ohhira's Probiotic 120ct,Fullscript,0
1,Dr. Shade's Kidney Care,Fullscript,0
1,Dr. Shade's Liver Sauce,Fullscript,0
2,Flora 20-14 UltraStrength 120ct,Fullscript,0
1,G.I. Detox + 60ct,Fullscript,4
0,Ginkgo Biloba 60ML,Fullscript,0
2,HTN Px - Original,Fullscript,0
1,InflammoHealth 120ct SFI,Fullscript,0
1,InflaThera 60caps SFI,Fullscript,0
1,Iodine & Tyrosine 120ct PureEn,Fullscript,0
1,Kidney Health,Fullscript,0
3,Klean Essential Aminos+HMB,Fullscript,0
1,Liposomal Lipocalm 50ml QS,Fullscript,0
6,Liposomal NAD +Ultra 90ct,Fullscript,0
1,Milk Thistle 1.7oz Q.S.,Fullscript,0
0,Molybdenum 500 - 90ct,Fullscript,0
0,Multivitamin One Chewable 30ct,Fullscript,1
1,NAD + PLATINUM 3.38oz,Fullscript,0
1,Nano Fuel Nootropic 3.38oz QS,Fullscript,0
0,Nanoserum BI-EST+ QS,Fullscript,0
1,Nanoserum Progesterone+ QS,Fullscript,0
6,Optimal Elect ORANGE 30 Sticks,Fullscript,0
3,Optimal Electrolyte BERRY,Fullscript,0
6,Optimal Electrolyte ORANGE,Fullscript,0
3,Ortho Sleep 60ct,Fullscript,0
1,PCO Px 75c,Fullscript,0
2,PectaSol - Tangerine Chews 120,Fullscript,2
6,Potassium Cocktail JAR BLUE,Fullscript,0
1,Potassium Cocktail JAR CHE/LI...,Fullscript,0
5,Potassium Cocktail JAR ORAN...,Fullscript,0
7,Potassium Cocktail PACKS BLUE,Fullscript,0
5,Potassium Cocktail PACKS OR...,Fullscript,0
6,Pro-Gest Lavender 4oz,Fullscript,0
4,Pro-Gest unscented 4oz,Fullscript,0
1,ProgonB-L 4x,Fullscript,0
1,Renapath 2oz,Fullscript,0
1,REVOLUTIONPRO Prostate 18...,Fullscript,0
2,Strength 90ct InfiniWell,Fullscript,0
0,Tart Cherry 120caps EuroMed,Fullscript,0
3,Texas Cedar Fever 2oz,Fullscript,0
0,Texas Cedar Fever 4oz,Fullscript,0
1,Texas Cedar Fever 90chews,Fullscript,0
1,Ther-Biotic ImmunoMushroom ...,Fullscript,0
1,Ther-Biotic Metabolic Probiotic,Fullscript,0
1,Ther-Biotic Target gb-X 30sache,Fullscript,0
1,Thyroid Zen Defense,Fullscript,0
1,Tick Bite Support 1oz,Fullscript,0
0,Ultimate Probiotic 60ct,Fullscript,1
2,VSL #3 Probiotic 60ct,Fullscript,0
1,Wild Cherry Bark Syrup 8oz,Fullscript,0
5,Oxy-Powder 120ct,Global Healing,0
2,Oxy-Powder 60ct,Global Healing,0
0,GX Foundation/Methylation,GX Sciences,0
0,GX Gastrointestinal Panel,GX Sciences,0
0,GX ACNE AcneTest,GX Sciences,0
0,GX Autophagy Panel,GX Sciences,0
0,GX Chronic Pain,GX Sciences,0
0,GX Detoxification Panel,GX Sciences,0
0,GX Development Panel,GX Sciences,0
0,GX Diet/Weight Mgmt,GX Sciences,0
0,GX Essential Vitamins,GX Sciences,0
0,GX Immune / Auto-Immune,GX Sciences,0
0,GX Inflammation,GX Sciences,0
0,GX Men's Health,GX Sciences,0
0,GX myNUTRI myNutriGen,GX Sciences,0
0,GX Neurological/Psych Panel,GX Sciences,0
0,GX Neurotransmitters/Mood,GX Sciences,0
0,GX NUTRI NutriGen,GX Sciences,0
0,GX PGX Pharmacogenomic,GX Sciences,0
0,GX Pharmacogenomic Testing,GX Sciences,0
0,GX Pre-Surgical,GX Sciences,0
0,GX PRO 7 Panel,GX Sciences,0
0,GX SNP Single SNP,GX Sciences,0
0,GX SPORT Sports Panel,GX Sciences,0
0,GX TBI / Post Concussion,GX Sciences,0
0,GX TELO TeloTest,GX Sciences,0
0,GX TRICHO TrichcoTest,GX Sciences,0
0,GX Women's Health,GX Sciences,0
1,HW Antimonium Crudum 8c,Homeopathy Works,0
1,HW Ustilago Maidis 200c,Homeopathy Works,0
1,BPC-157 Pure- IR 60ct,Integrative Peptides,0
1,BPC-157 PURE 60ct,Integrative Peptides,0
1,BPC-157 PURE Oral Spray,Integrative Peptides,0
1,CogniPep 60c,Integrative Peptides,0
1,Epitalon Pinealon Spray,Integrative Peptides,0
1,Gut Feeling - Mango/Strawberry,Integrative Peptides,0
1,Gut Feeling CAPSULES 60ct,Integrative Peptides,0
1,KPV Ultra Oral Spray,Integrative Peptides,0
1,TB4-4Frag Oral Spray,Integrative Peptides,0
0,TB4-FRAG MAX 60c,Integrative Peptides,0
1,Thymogen Alpha-1,Integrative Peptides,0
0,ThyroPep 60ct,Integrative Peptides,0
0,IHW- BPC-157 vial,Irving Health & Wellness,0
0,IHW- Selank peptide 1-1-10,Irving Health & Wellness,0
0,Lavender Whipped Tallow 24oz,Lady May Tallow,12
0,Lavender Whipped Tallow 9oz,Lady May Tallow,0
9,Tallow Lip Balm- citrus,Lady May Tallow,0
5,Tallow Lip Balm- pina colada,Lady May Tallow,0
8,Tallow Lip Balm- vanilla,Lady May Tallow,0
16,Vanilla Whipped Tallow 9oz,Lady May Tallow,0
2,Blue Lotus Deodorant Cream,Little Seed Farm,0
2,Blue Tansy Rose Deodorant Cr...,Little Seed Farm,0
0,Cedar Vanilla Deodorant Cream,Little Seed Farm,0
1,Charcoal Deodorant Cream,Little Seed Farm,0
10,Grapefruit Lemon Deodor. Cream,Little Seed Farm,0
3,Hand-Aid Original Scent,Little Seed Farm,0
5,Holiday Deodorant Cream,Little Seed Farm,0
5,Lavender Deodorant Cream,Little Seed Farm,0
2,Rosemary Patchouli Deodorant,Little Seed Farm,0
5,Travel Size Blue Lotus,Little Seed Farm,0
4,Travel Size Blue Tansy,Little Seed Farm,0
8,Travel Size Cedar Vanilla,Little Seed Farm,0
43,Travel Size Charcoal Deodorant,Little Seed Farm,0
29,Travel Size Grapefruit Lemon,Little Seed Farm,0
8,Travel Size Holiday Deodorant,Little Seed Farm,0
35,Travel Size Lavender Deodorant,Little Seed Farm,0
1,Travel Size Orange Vetiver Deo,Little Seed Farm,0
0,Travel Size Rosemary Patchouli,Little Seed Farm,0
5,Travel Size Unscented Deodorant,Little Seed Farm,0
5,Travel Vanilla Honey Deodorant,Little Seed Farm,0
3,Unscented Deodorant Cream,Little Seed Farm,0
0,BiomeFx Stool Test Kit,MicroBiome Labs,0
6,DigestMate 120ct,MicroBiome Labs,0
2,Enzymatic Mouth Freshner,MicroBiome Labs,0
2,Epic Defense 30c,MicroBiome Labs,0
3,GutBrain Reset ( ZenBiomeDual ),MicroBiome Labs,0
2,HU58 60ct,MicroBiome Labs,0
0,Mega MycoBalance 180ct,MicroBiome Labs,0
2,MegaIgG2000 120ct,MicroBiome Labs,0
1,MegaMucosa 180ct,MicroBiome Labs,0
6,MegaQuin K2+D3 60ct,MicroBiome Labs,0
4,MegaSpore Adult Gummies 60ct,MicroBiome Labs,0
1,MegaSporeBiotic 180ct,MicroBiome Labs,0
1,MegaSporeBiotic 60ct,MicroBiome Labs,0
3,MegaSporeBiotic KidsGummies...,MicroBiome Labs,0
1,PyloGuard 30ct,MicroBiome Labs,0
2,RestorFlora 60ct,MicroBiome Labs,0
1,SereneSkin 30ct,MicroBiome Labs,0
1,Vaginal Balance 60ct,MicroBiome Labs,0
1,ZenBiome Cope 60ct,MicroBiome Labs,0
1,ZenBiome Sleep 30ct,MicroBiome Labs,0
3,3D HA + B3 1oz,Mindful Minerals,0
3,BBCC Cream,Mindful Minerals,0
1,Dead Sea Mud Cleanser,Mindful Minerals,0
1,Dermal Renewal Peptide 4oz,Mindful Minerals,0
1,Get Carded Mindful Mineral,Mindful Minerals,0
1,Get Clear Cranberry Toner,Mindful Minerals,0
3,Get Dirty Mud Mask,Mindful Minerals,0
1,Get Even Mindful Minerals,Mindful Minerals,0
3,RootVital Peptide Hair Growth,Mindful Minerals,0
1,Transdermal Mag Oil,Mindful Minerals,0
1,Alpine Trail Candle 8oz,Nature's Scent Co.,0
0,Apple Spice Cake Candle 4oz,Nature's Scent Co.,0
2,Apple Tree Farm Candle 4oz,Nature's Scent Co.,0
0,Apple Tree Farm Candle 8oz,Nature's Scent Co.,0
1,At Home in the Mountains 8oz,Nature's Scent Co.,0
1,Bark & Bramble Candle 8oz,Nature's Scent Co.,0
1,Black Rasp/Vanilla Candle 4oz,Nature's Scent Co.,0
0,Blackberry & Clove Candle 4oz,Nature's Scent Co.,0
1,Blackberry & Clove Candle 8oz,Nature's Scent Co.,0
0,Blooming Thicket Candle 4oz,Nature's Scent Co.,0
1,Blooming Thicket Candle 8oz,Nature's Scent Co.,0
0,Butterscotch Delight Candle 4oz,Nature's Scent Co.,0
0,Cabin in the Woods Candle 4oz,Nature's Scent Co.,0
1,Camping Under the Stars 8oz,Nature's Scent Co.,0
0,Cherries & Cedar Canlde 8oz,Nature's Scent Co.,0
1,Christmas Hearth 4oz,Nature's Scent Co.,0
1,Citrus Cove Candle 8oz,Nature's Scent Co.,0
2,Coffee Shop Candle 8oz,Nature's Scent Co.,0
1,Cranberry Woods 4oz,Nature's Scent Co.,0
2,Dark Cherry Candle 4oz,Nature's Scent Co.,0
0,Desert Mirage Candle 4oz,Nature's Scent Co.,0
0,Fireside Candle 8oz,Nature's Scent Co.,0
2,Fog & Fern Candle 4oz,Nature's Scent Co.,0
1,Fog & Fern Candle 8oz,Nature's Scent Co.,0
2,Frankincense & Myrrh Candle 4oz,Nature's Scent Co.,0
1,French Lilac Candle 4oz,Nature's Scent Co.,0
1,Fresh Brewed Coffee 4oz,Nature's Scent Co.,0
2,Fresh Brewed Coffee 8oz,Nature's Scent Co.,0
2,Heirloom Linen Candle 8oz,Nature's Scent Co.,0
1,Hot Apple Pie Candle 8oz,Nature's Scent Co.,0
0,Lavender Driftwood Candle 8oz,Nature's Scent Co.,0
0,Lemongrass & Verbena Candle ...,Nature's Scent Co.,0
1,Lemongrass & Verbena Candle ...,Nature's Scent Co.,0
1,Maple Leaf & Acorn Candle 4oz,Nature's Scent Co.,0
0,Maple Sugar Candy Candle 4oz,Nature's Scent Co.,0
1,Melty-Cranberry Woods,Nature's Scent Co.,0
1,Melty-Sleigh Ride,Nature's Scent Co.,0
1,Melty-Winter Spice,Nature's Scent Co.,0
1,Melty-Woodland Snow,Nature's Scent Co.,0
0,Moon Milk Candle 4oz,Nature's Scent Co.,0
1,Mountain Lauren Candle 8oz,Nature's Scent Co.,0
1,Mountain Spring Candle 8oz,Nature's Scent Co.,0
1,Northern Sky Candle 4oz,Nature's Scent Co.,0
1,Old Forest Candle 8oz,Nature's Scent Co.,0
0,Palo Santo & Sand Candle 4oz,Nature's Scent Co.,0
1,Pear & Plum Candle 8oz,Nature's Scent Co.,0
0,Pennsylvania Pine Candle 4oz,Nature's Scent Co.,0
0,Pumpkin Caramel Latte Candle...,Nature's Scent Co.,0
1,Pumpkin Spice Butter Candle 4oz,Nature's Scent Co.,0
0,Saffron Cedarwood Candle 4oz,Nature's Scent Co.,0
0,Sage & Stone Candle 4oz,Nature's Scent Co.,0
1,See Salt & Orchid Candle 8oz,Nature's Scent Co.,0
0,Sequoia & Fern Candle 4oz,Nature's Scent Co.,0
1,Sleigh Ride 4oz,Nature's Scent Co.,0
1,Sleigh Ride 8oz,Nature's Scent Co.,0
0,Thankful Harvest Candle 4oz,Nature's Scent Co.,0
1,The Lodge Candle 8oz,Nature's Scent Co.,0
1,The Winding Path Candle 8oz,Nature's Scent Co.,0
1,Vanilla Caramel Coffee 8oz,Nature's Scent Co.,0
1,Weathered Bridge Candle 8oz,Nature's Scent Co.,0
1,White Oak & Vanilla Candle 8oz,Nature's Scent Co.,0
1,Wildberries Candle 4oz,Nature's Scent Co.,0
1,Wind & Sea Candle 8oz,Nature's Scent Co.,0
1,Woodland Snow 4oz,Nature's Scent Co.,0
1,Yuzu Blossom Candle 4oz,Nature's Scent Co.,0
0,Silver Shield Liquid 16 oz,Natures Sunshine,0
2,Silver Shield RESCUE Gel 3oz,Natures Sunshine,0
4,Biotic Supreme 50,Neuro Biologix,0
2,Calming Cream 3oz NBX,Neuro Biologix,0
7,D3+K2 Cofactor Complex,Neuro Biologix,0
3,DCI Cell Recovery 60ct,Neuro Biologix,0
1,DNA Renew 66ct,Neuro Biologix,0
1,DNA Sustain,Neuro Biologix,0
2,Full Focus 120ct,Neuro Biologix,0
1,Glutathione Topical Cream 3floz,Neuro Biologix,0
2,"Hair, Skin & Nail Peptides",Neuro Biologix,0
2,IntracellularDetoxComplex 66ct,Neuro Biologix,0
8,Longevity Multi 120ct,Neuro Biologix,0
1,Male Support Formula 60ct,Neuro Biologix,0
3,Metabolic Stimulator 90ct,Neuro Biologix,0
5,Methyl Folate Plus 90ctNeuroBio,Neuro Biologix,0
7,Methylation Complete 120ct,Neuro Biologix,0
6,Mito Cell PQQ(DailyCellRe) 60ct,Neuro Biologix,0
5,Mood Plus 60ct,Neuro Biologix,0
2,Muscle Revive 66c,Neuro Biologix,0
3,Neuro Calm & Reb Pro GAD 9...,Neuro Biologix,0
3,Neuro Night Essentials 60ct,Neuro Biologix,0
4,OmegaCell 1600 TG,Neuro Biologix,0
1,PEA Soothe Support 90ct,Neuro Biologix,0
1,Topical Methylation Complete2oz,Neuro Biologix,0
6,GHK-Cu Peptide Face Cream,Neurogan Health,0
1,GHK-Cu Peptide Hair & Scalp,Neurogan Health,0
4,5-HTP - NUMEDICA - 100MG ...,NuMedica,0
2,5-HTP - NUMEDICA - 50MG 6...,NuMedica,0
2,AdrenaMed 120ct,NuMedica,0
1,AdrenaMed GL50 180ct,NuMedica,0
1,Berberine VasoQX 90 ct,NuMedica,0
2,CandideX 60ct,NuMedica,0
2,Cognitive Balance 120ct,NuMedica,0
1,Collagen Connect 30srvgs,NuMedica,0
2,CurcuCalm 60ct,NuMedica,0
1,D3-2000 - 120 count - Numedica,NuMedica,0
0,D3-5000 Numedica 180 count,NuMedica,0
1,DHEA 25 mg 90c - Numedica,NuMedica,0
1,DIM Estro 120ct,NuMedica,0
2,Dual Tox DPO - 120ct,NuMedica,0
0,Functional Female 120 count,NuMedica,0
3,Functional Male 120 count,NuMedica,0
5,GABA 90ct - Numedica,NuMedica,0
0,Glutenza 60 ct,NuMedica,0
3,Hemeplex FE 60ct,NuMedica,0
1,ImmunoG PRP 120c,NuMedica,0
2,ImmunoG PRP Cherry 90chews,NuMedica,0
1,L-Theanine Liquid - 2oz. NM,NuMedica,0
5,Liposomal Glutathione Caps 60ct,NuMedica,0
2,Liposomal Iron Caps 60ct,NuMedica,0
1,Liposomal Methylsorb,NuMedica,1
1,Liver Defend 60ct,NuMedica,0
4,Mag-Plex Ultra 240ct,NuMedica,0
1,MCT Oil USP 16oz,NuMedica,0
4,Melatonin 60 LOZ - - Numedica,NuMedica,0
2,Melatonin Liquid- 2 oz.Numedica,NuMedica,0
2,Methyl-Plex B 60 c,NuMedica,0
2,Methyl B12 HP 60 Loz,NuMedica,0
2,Methyl Folate HP 60ct,NuMedica,0
2,Methyl Folate Optimizer 60ct,NuMedica,0
0,Micellized D3 1200 - Numedica,NuMedica,0
1,Micellized D3+K2 1 oz.,NuMedica,0
3,MineralPlex 120ct,NuMedica,0
4,Mitochondrial Recharge 90ct,NuMedica,1
1,MitoSpark 90c,NuMedica,0
6,MultiMedica for Men 120ct,NuMedica,0
4,MultiMedica for Women 120ct,NuMedica,2
1,Myomedica 60t,NuMedica,0
0,NAC 120 ct- Numedica,NuMedica,2
1,Neuro Harmony 60 c,NuMedica,0
0,Osteo Vegan 180ct,NuMedica,1
4,Osteo Vegan Program,NuMedica,0
1,OsteoV SC 90ct,NuMedica,0
4,ParasideX 60ct,NuMedica,0
1,Parimin B 60ct NM,NuMedica,0
2,Power Greens Berry,NuMedica,0
2,Power Greens Chocolate,NuMedica,0
1,Power Greens Espresso,NuMedica,0
1,Power Greens/Reds StrawKiwi,NuMedica,0
1,Pregnenolone - 50ct - Numedica,NuMedica,0
3,ProstaCalm 60ct,NuMedica,0
1,Salicin B IC 60ct,NuMedica,0
1,Taurine 90ct - NuMedica,NuMedica,0
9,Tri-Flora Plus 60ct,NuMedica,0
0,UT Soothe Powder 26svgs,NuMedica,1
1,Zinc Glycinate - Numedica-120 c,NuMedica,0
1,Adreno Lyph 160 60ct,Nutri-West,0
1,Adreno Lyph 80 100ct,Nutri-West,0
1,Adreno Plus 1 oz,Nutri-West,0
2,Anxiolix 1 oz,Nutri-West,0
1,Bactoflam 1 oz,Nutri-West,0
1,Cand-Ex 1 oz,Nutri-West,0
1,Chrono Sino 1 oz,Nutri-West,0
0,DSF Formula Large 120,Nutri-West,0
5,Exspore 60ct,Nutri-West,0
1,GB-Plus 90 tabs,Nutri-West,0
2,HPZ (HO) 1 oz,Nutri-West,0
9,Immuno Plus 1 oz,Nutri-West,0
1,K-B Plus 1 oz,Nutri-West,0
0,LIV-GB Plus 1 oz,Nutri-West,0
3,LNG-RESP 1 oz,Nutri-West,0
1,MET TOX 1 oz,Nutri-West,0
0,Sago-C,Nutri-West,0
9,Total Bact T 1oz,Nutri-West,0
2,Total Enzymes 120ct,Nutri-West,0
1,Total FLM 90 ct,Nutri-West,0
1,Total Leaky Gut 60 ct,Nutri-West,0
2,Total Para 120ct,Nutri-West,0
1,Total Pro-Jes 1oz,Nutri-West,0
3,Total Probiotics 120ct,Nutri-West,0
2,Total VR-X (Total Virx)60 count,Nutri-West,0
0,Total Yst Redux 60 tabs,Nutri-West,0
0,Vermafuge-AG 1oz,Nutri-West,0
2,Virex 1 oz,Nutri-West,0
3,Airmaxx capsules 90ct,Nutritional Frontiers,0
2,AirMaxx Chewables ORANGE 9...,Nutritional Frontiers,0
3,Airmaxx Chews STRAWBERRY...,Nutritional Frontiers,0
2,Buffered C Plus 120ct,Nutritional Frontiers,0
2,CandiKill 240ct,Nutritional Frontiers,0
2,Cardio Stack 120ct,Nutritional Frontiers,0
2,Cherry Chews 90ct,Nutritional Frontiers,0
4,Cholesto Red 90ct,Nutritional Frontiers,0
3,CircuCORE 120ct,Nutritional Frontiers,0
3,Clean Collagen Protein - Cacao,Nutritional Frontiers,0
7,CybZyme 180ct,Nutritional Frontiers,0
5,ENERCOQ10 chews 60ct,Nutritional Frontiers,0
7,EnerDMG Chews 60ct,Nutritional Frontiers,3
3,EnerDMG LIQUID 2oz,Nutritional Frontiers,0
3,EstroCleanse 90ct,Nutritional Frontiers,0
1,Gi Complete Caps 300ct,Nutritional Frontiers,0
1,GI Complete Powder Raspberry,Nutritional Frontiers,0
1,GI Complete Powder Watermelon,Nutritional Frontiers,0
4,GlucoLyze 120ct,Nutritional Frontiers,0
2,Ha Plus CAPSULES 120ct,Nutritional Frontiers,0
1,HA Plus POWDER 60svgs,Nutritional Frontiers,0
1,HT MenoFlash 2oz liquid,Nutritional Frontiers,0
3,Immune Glandular Plus 60ct,Nutritional Frontiers,2
2,Kidney & Bladder 4oz NF,Nutritional Frontiers,0
2,LivClear II 90ct NF,Nutritional Frontiers,0
1,LivComplete 90ct NF,Nutritional Frontiers,3
1,Liver/Gallbladder 4oz NF,Nutritional Frontiers,0
2,Lymphatic Tincture 4oz NF,Nutritional Frontiers,0
1,Mag Complete Powder 30srvgs,Nutritional Frontiers,0
13,Men's Complete 120ct,Nutritional Frontiers,0
5,NAD+ 60ct NF,Nutritional Frontiers,0
4,Nattokin Plus 120ct,Nutritional Frontiers,0
2,Ovarian Restore(Fertility) 60ct,Nutritional Frontiers,0
7,Para-Kill 240ct,Nutritional Frontiers,0
3,Power CoQ10 - 60 Chews,Nutritional Frontiers,2
5,Power Fuel Berry Flavor,Nutritional Frontiers,0
4,Power Fuel Orange Flavor,Nutritional Frontiers,1
1,ProBio-3 90ct,Nutritional Frontiers,0
2,ProbZyme Cherry 90ct,Nutritional Frontiers,0
3,ProbZyme Grape 90ct,Nutritional Frontiers,0
7,Progesterone 50mg 3oz - NF,Nutritional Frontiers,0
0,Remove Complete 60ct,Nutritional Frontiers,0
3,Seven Flowers 180ct,Nutritional Frontiers,0
3,Sleep Time 120ct,Nutritional Frontiers,0
4,SPM 120ct NF,Nutritional Frontiers,5
0,SPM 60ct NF,Nutritional Frontiers,0
3,Super Creatine Rasp/Kiwi,Nutritional Frontiers,0
9,Sweet Balance 60ct,Nutritional Frontiers,0
3,Testo 180 120ct NF,Nutritional Frontiers,0
3,Thyro Complete 120ct,Nutritional Frontiers,0
1,Thyro Complete 60ct,Nutritional Frontiers,0
2,Uterine Restore (UTR) 60ct,Nutritional Frontiers,0
9,Women's Complete 120ct,Nutritional Frontiers,0
1,X-Flame 120ct,Nutritional Frontiers,0
0,X-Flame Powder,Nutritional Frontiers,0
3,5-HTP 90 CT Ortho,Ortho Molecular,0
2,Adapten-All 120ct,Ortho Molecular,0
1,Adren-All 120ct,Ortho Molecular,2
1,Alpha Base W/O Iron 120ct,Ortho Molecular,0
1,Alpha Base W/out iron 240ct,Ortho Molecular,0
3,CDG Estrodim 60ct,Ortho Molecular,0
3,Cerenity PM 60ct,Ortho Molecular,0
2,Cerevive 120 ct,Ortho Molecular,0
1,CollaGEN 30 servings,Ortho Molecular,0
2,Coq10 300mg 60ct Ortho,Ortho Molecular,0
1,Cystistatin 60c,Ortho Molecular,0
2,D-Hist 120ct,Ortho Molecular,0
1,D-Hist Jr 60ct,Ortho Molecular,0
3,Diaxinol 120ct,Ortho Molecular,0
4,Digestzyme-V 180ct,Ortho Molecular,0
2,EstroDIM 60ct,Ortho Molecular,0
1,Fiber MGP Ortho,Ortho Molecular,0
2,L-Glutathione 60 ct,Ortho Molecular,0
2,Lipitrol OX 60ct,Ortho Molecular,0
4,Methyl B Complex 120ct,Ortho Molecular,0
5,Methyl B12 60ct Ortho,Ortho Molecular,0
2,Methyl CpG 60ct,Ortho Molecular,0
1,MitoCORE 120 ct,Ortho Molecular,1
3,Nattokinase 60ct Ortho,Ortho Molecular,0
3,Natural Vitamin E 60ct,Ortho Molecular,0
2,Nuadapt 60ct,Ortho Molecular,0
2,Ortho Biotic 100 30ct,Ortho Molecular,0
2,Ortho Biotic 60ct,Ortho Molecular,0
2,Ortho Biotic Women's 30ct,Ortho Molecular,0
2,Ortho Digestzyme 180ct,Ortho Molecular,0
1,Ortho Spore Complete 60cap,Ortho Molecular,0
3,Orthomega 820 - 120ct,Ortho Molecular,0
1,Orthomega 820 - 180ct,Ortho Molecular,0
1,Prenatal Complete with DHA 30ct,Ortho Molecular,1
0,Pro Bono 60ct,Ortho Molecular,0
2,Probiotic 225 15 pkts,Ortho Molecular,0
2,Reacted Calcium 180ct,Ortho Molecular,0
2,Reacted Iron 60ct,Ortho Molecular,0
0,Reacted Mag&Potassium 60ct,Ortho Molecular,2
2,Sinatrol 60ct,Ortho Molecular,0
2,Thyrotain 120 ct,Ortho Molecular,0
1,TruAdapt 120ct,Ortho Molecular,0
1,TruAdapt Plus 120ct,Ortho Molecular,0
2,Turiva 60 ct,Ortho Molecular,0
2,UA-X PRO 90ct,Ortho Molecular,0
3,Viracid 60 ct,Ortho Molecular,0
0,"Vitamin A 10,000IU 60ct",Ortho Molecular,0
3,Z-binder 60ct Ortho,Ortho Molecular,0
0,Bach Flower Remedy,"Osborn, Brenda",0
1,Allergy Plus Patch,PatchAid,0
1,Awaken Her Patch,PatchAid,0
1,Biotin Plus Patch,PatchAid,0
3,Clear Skin Acne Patch,PatchAid,0
2,Easy Cycle Patch,PatchAid,0
6,Focus & Clarity Vitamin Patch,PatchAid,0
2,Good Vibes Patch,PatchAid,0
1,Hangover Plus Patch,PatchAid,0
3,Ignite Him Patch,PatchAid,0
1,Immune Defense Patch,PatchAid,0
12,Iron Plus Patch,PatchAid,0
4,Keto BHB Plus Patch,PatchAid,0
2,Kids Focus&Clarity Patch,PatchAid,0
3,Menopause Relief Patch,PatchAid,0
2,Metabolism Plus Patch,PatchAid,0
1,Migraine Relief Patch,PatchAid,0
0,Mosquito Repellent Patch,PatchAid,0
0,Motion Sickness Patch,PatchAid,0
1,Multivitamin Plus Patch,PatchAid,0
2,Natural Weight Loss Patch,PatchAid,0
3,Nausea Relief Patch,PatchAid,0
3,Relax & Unwind Patch,PatchAid,0
2,Simply Iron Patch,PatchAid,0
1,Sleep Aid Patch,PatchAid,0
2,Sleep Aid Patch Kids,PatchAid,0
4,Slim Trim Patch,PatchAid,0
0,Adrenal Cortex Drops PF 2floz,Professional Formulas,0
1,Adrenal Liquescence 4oz PF,Professional Formulas,0
2,Airborne Allersode Combo PF,Professional Formulas,0
1,Allergy Liquescence 4oz PF,Professional Formulas,0
1,Alopecia Formula PF,Professional Formulas,0
1,Andro Stim Liques. 4oz PF,Professional Formulas,0
1,Anti-Constipation Drops PF,Professional Formulas,0
2,Anti-Hives Drops 2oz PF,Professional Formulas,0
1,Anti-Inflammation Drops PF,Professional Formulas,0
1,Anti-Stress Drops 2oz PF,Professional Formulas,0
2,Anxious Drops 2oz PF,Professional Formulas,0
1,Asthma Drops 2oz PF,Professional Formulas,0
1,Attention Deficit/Severe 2oz PF,Professional Formulas,0
1,Bird Flu (H5N1) Nosode PF,Professional Formulas,0
1,Biting Insect Mix (PF),Professional Formulas,0
1,Bone Stim Liquescence,Professional Formulas,0
1,Botanifuge 90ct,Professional Formulas,0
1,Bowel Pathogen Nos 2oz PF,Professional Formulas,0
2,Brain Enhan Liqui 4 oz,Professional Formulas,0
2,Calcarea Flourica 2oz PF,Professional Formulas,0
0,Calcarea Phosphorica PF,Professional Formulas,0
1,Cartilage Liqu 4oz PF,Professional Formulas,0
3,Cell Salt Combination PF,Professional Formulas,0
1,Childhood Immunization Detox ...,Professional Formulas,0
1,Compulsive Eating Drops 2oz PF,Professional Formulas,0
0,Connective Tissue 4oz PF,Professional Formulas,0
3,Cough Tonic 4oz PF,Professional Formulas,0
5,Cox-2 Calm PF 90ct,Professional Formulas,0
1,Digestive Enzyme Liquescence ...,Professional Formulas,0
2,Digestive Stimulator Formula PF,Professional Formulas,0
1,Dry Eczema drops 2oz PF,Professional Formulas,0
1,Dysfunctional Bleeding Drops2oz,Professional Formulas,0
1,Elder Berry 8.4oz PF,Professional Formulas,0
0,Endocrine Complex 120ct,Professional Formulas,0
1,Euphorbium Combo 1oz PF,Professional Formulas,0
1,Female Endocrine Axis Drops 2oz,Professional Formulas,0
1,Fertility Drops PF,Professional Formulas,0
1,Flex Drops 2oz PF,Professional Formulas,0
1,Grass & Weed Allersode,Professional Formulas,0
1,Growth Hormone Drops 2oz PF,Professional Formulas,0
1,Heart/Lung Drops 2oz PF,Professional Formulas,0
1,Helicobacter Pylori Nosode PF,Professional Formulas,0
2,Herbal Di-Retic PF,Professional Formulas,0
2,High Energy Ginseng Liquesce...,Professional Formulas,0
2,High PotencyGrowthHormone(P...,Professional Formulas,0
1,Hypertension Drops PF,Professional Formulas,0
2,Hypothalamus Drops 1oz PF,Professional Formulas,0
2,Hypothalamus/Adren/Pit 2ozPF,Professional Formulas,0
1,Irregular Pulse Drops 2oz PF,Professional Formulas,0
0,Kidney Stim Liques 4oz PF,Professional Formulas,0
1,Kidney/Ovarian/Adrenal Drops PF,Professional Formulas,0
1,Kidney/Prostate/Adrenal drop PF,Professional Formulas,0
0,Libido Stim Liquescence PF,Professional Formulas,0
1,Ligament Aid 2oz PF,Professional Formulas,0
1,Liver Stim Liquescence 4oz,Professional Formulas,0
2,Lung Formula 2oz PF,Professional Formulas,0
1,Lung Stim Liquescence 4oz,Professional Formulas,0
2,Lymph Stim Liquescence 4oz,Professional Formulas,0
0,Magnesia Phosphorica PF,Professional Formulas,0
2,Male Balance Liquescence,Professional Formulas,0
2,Male Endocrine Axis Drops PF,Professional Formulas,0
1,Memory Drops-PF,Professional Formulas,0
1,Metab 2oz PF,Professional Formulas,0
1,Metabolic Complex 180ct PF,Professional Formulas,0
1,Mucolytic Drain Formula 4oz PF,Professional Formulas,0
1,Muscle Calm 90ct PF,Professional Formulas,0
1,Muscle/Lig/Cart Dr 2 oz PF,Professional Formulas,0
1,Nasal Spray 1oz PF,Professional Formulas,0
0,Natrum Phosphoricum PF,Professional Formulas,0
1,Nerve Drainage Liques 4oz PF,Professional Formulas,0
1,Neuro Recover Liques 4oz PF,Professional Formulas,0
4,Neuro Relax Drops 2oz PF,Professional Formulas,0
1,Neuromuscular Stim Detox 2oz,Professional Formulas,0
1,Nocturnal Enuresis Drops PF,Professional Formulas,0
2,Oscinum Spray 1oz PF,Professional Formulas,0
1,Oxy Bee Pollen Liquid PF,Professional Formulas,0
1,Pancreas Drops 2oz PF,Professional Formulas,0
2,Pancreas/Stomach Drops 2oz,Professional Formulas,0
2,Parasites/Amoeba/Protozoan-PF,Professional Formulas,0
2,Pineal Liquescence 4oz PF,Professional Formulas,0
2,Pineal/Pituitary/Hypothalmus PF,Professional Formulas,0
3,Pituitary Liquescence 4oz PF,Professional Formulas,0
3,Pituitary/Pancreas/Kidney Drops,Professional Formulas,0
1,Poison Ivy and Oak Mix -PF,Professional Formulas,0
1,RespiraTone 180ct PF,Professional Formulas,0
1,RET Thyroid/Adrenal PF,Professional Formulas,0
1,SAMe Liquiscence PF,Professional Formulas,0
4,Serotonin Dopa. Liquescence PF,Professional Formulas,0
1,Serotonin/L-Tryptophan PF,Professional Formulas,0
0,Shed Aid PF 2oz,Professional Formulas,0
1,Shingles Nosode 2oz PF,Professional Formulas,0
0,Silicea PF,Professional Formulas,0
2,Sinus Complex Hayfever 180ca...,Professional Formulas,0
2,Sinusitis Drops 2oz PF,Professional Formulas,0
1,Skin Balance Liquescence 4oz ...,Professional Formulas,0
1,Sleep Disorder Drops 2oz PF,Professional Formulas,0
3,Somnitol Plus 60ct,Professional Formulas,0
1,Southwest Allersode PF,Professional Formulas,0
2,Spleen Thymus Liques 4oz PF,Professional Formulas,0
1,Surgical Aid 2oz PF,Professional Formulas,0
2,Thyroid Liquescence (PF),Professional Formulas,0
1,Thyroid/Thymus/Parathyroid PF,Professional Formulas,0
1,Tinnitus Drops PF,Professional Formulas,0
2,Tonsil/Adenoid/App Drops PF,Professional Formulas,0
1,Trees 1 Allersode 2oz,Professional Formulas,0
0,Trees Mix 1 500X 2oz,Professional Formulas,0
1,Vermex 2oz PF,Professional Formulas,0
1,Viral Immune Stimulator,Professional Formulas,0
1,Wart Drops 2oz - PF,Professional Formulas,0
1,Weight Management Formula 2oz,Professional Formulas,0
1,Weight Off Drops 2oz PF,Professional Formulas,0
1,West Parasite Detox 2oz,Professional Formulas,0
2,Wet Eczema Drops 2oz PF,Professional Formulas,0
1,Ozonated Jojoba Oil 2oz,PurO3,0
1,Ozonated Sunflower Oil 1oz tube,PurO3,0
1,Ozone Suppositories Olive 10ct,PurO3,0
2,Travel Ozonated Coconut-Unsc...,PurO3,0
6,Travel Ozonated Sunflower Oil,PurO3,0
3,Travel Size Ozonated Castor Oil,PurO3,0
2,Travel Size Ozonated Hemp Oil,PurO3,0
1,Travel Size Ozonated Olive Oil,PurO3,0
0,Org Hemp Ext - Cin 40mg/60ml,WAAYB,0
2,Org Hemp Ext - Lem 40mg/60ml,WAAYB,0
1,Org Hemp Ext - Mint 40mg/60 ml,WAAYB,0
1,Org Hemp Ext - Natural 40mg/6...,WAAYB,0
3,Honeycomb Lemon Soap Bar,Wild Herb Soap Co,0
6,Juniper Berry Soap Bar,Wild Herb Soap Co,0
2,Mojito Soap Bar,Wild Herb Soap Co,0
3,Sand & Sea Soap Bar,Wild Herb Soap Co,0
1,Ultimate Soap Bar,Wild Herb Soap Co,0
5,Wild Honey Citrus Soap Bar,Wild Herb Soap Co,0
4,Wild Water Soap Bar,Wild Herb Soap Co,0
2,5-HTP CR - Xymogen,Xymogen EP,0
7,5-MTHF Plus B12 cherry 60ct,Xymogen EP,0
2,ActivNutrients 240ct,Xymogen EP,0
1,ActivNutrients Chewable 120ct,Xymogen EP,0
1,ActivNutrients w/o CU/FE 120c,Xymogen EP,0
0,ActivNutrients WITHOUT iron 120,Xymogen EP,0
2,ActivNutrients WITHOUT iron 240,Xymogen EP,0
1,Argentyn 23 Immune Spray 1oz,Xymogen EP,0
2,Ashwagandha 35 60ct,Xymogen EP,0
2,ATP Ignite Mixed Berry,Xymogen EP,0
2,Berberine with InSea 60c,Xymogen EP,0
2,BergaCor Plus 60ct,Xymogen EP,0
1,CheleX 120 ct,Xymogen EP,0
2,Cold Crush 60 tbs,Xymogen EP,0
0,ColonX 120ct,Xymogen EP,0
2,CoQmax Ubiquinol 200 mg 30ct,Xymogen EP,0
1,CoQmax Ubiquinol 60ct,Xymogen EP,0
2,Cortisolv 120ct,Xymogen EP,0
1,D3 5000 180 count - Xymogen,Xymogen EP,0
1,D3 Liquid - Xymogen,Xymogen EP,0
1,DIMension 3-120ct,Xymogen EP,0
1,DioVasc 60ct,Xymogen EP,0
1,Drainage - Xymogen,Xymogen EP,0
1,Dry Mouth Lozenge 60ct,Xymogen EP,0
1,FF Lean Complete Choc SSF 10s,Xymogen EP,0
3,Flu Fix 60 tabs,Xymogen EP,0
5,Foundation Essentials 30 Pkt.,Xymogen EP,0
2,GarliX 90c,Xymogen EP,0
1,HistDAO 60ct,Xymogen EP,0
1,I-Sight 60ct,Xymogen EP,0
2,Iron Glycinate 120 count,Xymogen EP,0
5,"K2-D3 10,000 120c - Xymogen",Xymogen EP,0
6,K2-D3 5000 120c - Xymogen,Xymogen EP,0
1,Kids' Allergy Care 60ct,Xymogen EP,0
1,L-Lysine 90ct- Xymogen,Xymogen EP,0
1,LipotropiX 120ct,Xymogen EP,0
2,Liver Protect 120ct,Xymogen EP,0
1,MedCaps DPO 120ct,Xymogen EP,0
1,Medcaps GI 120ct,Xymogen EP,0
2,MedCaps IS 60ct,Xymogen EP,0
1,MedCaps Menopause 120ct,Xymogen EP,0
0,Melatonin CR 180 T,Xymogen EP,0
1,MemorAll 60 ct,Xymogen EP,0
3,Methyl Protect - 120ct,Xymogen EP,0
0,Methylcobalamin 60ct Xymogen,Xymogen EP,0
1,Microdermabrasion Cleanser 4oz,Xymogen EP,0
1,Mighty Maca Plus,Xymogen EP,0
1,MinRex 120ct,Xymogen EP,0
3,Mood Food ES 120ct,Xymogen EP,0
2,NAC 120ct Xymogen,Xymogen EP,0
2,Nattokinase 60ct Xymogen,Xymogen EP,0
1,NeuroActives BrainSustain 120ct,Xymogen EP,0
0,NiaVasc 750 120ct,Xymogen EP,0
3,Omega MonoPure 1300 EC 120...,Xymogen EP,0
1,Omega MonoPure 650 EC 60ct,Xymogen EP,0
0,Omega MonoPure 650EC 120ct,Xymogen EP,0
2,Optimag 125 (240c) LARGE,Xymogen EP,2
1,OptiMag Neuro 60sv,Xymogen EP,2
1,Optimag Plus Cal Pear 30 scoops,Xymogen EP,2
1,OSAplex 60pkt.,Xymogen EP,0
0,OSAplex MK-7 60 pkts,Xymogen EP,0
1,Ossopan 1100 120ct,Xymogen EP,0
3,PanXyme pH 180ct,Xymogen EP,0
3,PMS Soothe 60 ct,Xymogen EP,0
1,PoDiaPN..NeurophX DPN,Xymogen EP,0
5,Probiomax Complete DF 30c,Xymogen EP,0
4,ProbioMax Daily 100B,Xymogen EP,0
2,Probiomax Daily 30B,Xymogen EP,0
1,ProbioMax Lean DF 30 c.,Xymogen EP,0
5,Prostate FLO 60ct,Xymogen EP,0
1,RelaxMax 120ct,Xymogen EP,1
3,RelaxMax Cherry,Xymogen EP,0
1,RelaxMax Unflavored,Xymogen EP,0
0,Saccharomycin DF 30ct,Xymogen EP,0
1,Saccharomycin DF 60ct,Xymogen EP,0
2,Sleep & Perform 60c,Xymogen EP,0
2,Sleepology 60 tabs,Xymogen EP,0
0,Stress Genexa 60tabs,Xymogen EP,0
1,T-150 60ct,Xymogen EP,0
3,T-150 120ct,Xymogen EP,0
1,Xcellent A 7500 60ct,Xymogen EP,0
2,Xcellent E 60 c,Xymogen EP,0
1,Xcellent C 120 ct,Xymogen EP,0
1,XymoDine 90c,Xymogen EP,0
2,XymoZyme 120c,Xymogen EP,0
1,Zinc Glycinate 120ct Xymogen,Xymogen EP,0
